Date,Temperature,Humidity,Precipitation
1,31,56,46
2,29,99,59
3,35,65,82
4,21,40,48
5,29,51,10
6,20,97,56
7,47,6,76
8,39,1,70
9,37,11,0
10,21,38,37
11,31,30,52
12,36,85,69
13,27,12,18
14,34,59,84
15,49,100,10
16,45,6,19
17,38,77,97
18,25,75,12
19,24,94,30
20,48,45,8
21,32,52,23
22,32,78,59
23,49,4,84
24,24,49,35
25,39,79,71
26,39,59,22
27,34,29,83
28,25,37,6
29,39,13,99
30,39,82,4
31,33,33,23
32,22,42,69
33,45,36,3
34,43,1,87
35,35,34,24
36,23,80,65
37,41,48,15
38,35,96,5
39,29,11,92
40,45,15,22
41,22,82,40
42,24,76,5
43,45,96,68
44,47,5,7
45,50,69,13
46,20,97,43
47,37,37,83
48,40,57,7
49,47,94,3
50,29,71,53
51,30,4,26
52,25,35,34
53,32,0,46
54,31,31,88
55,47,35,87
56,25,13,7
57,48,78,0
58,50,71,82
59,49,91,26
60,33,17,94
61,35,39,7
62,45,58,69
63,39,60,39
64,49,81,75
65,37,80,63
66,24,12,65
67,42,3,35
68,40,64,43
69,46,36,44
70,35,49,89
71,36,50,76
72,24,11,89
73,31,46,34
74,44,91,23
75,48,75,90
76,44,30,58
77,29,64,39
78,37,22,96
79,32,41,12
80,28,10,25
81,35,48,26
82,36,95,79
83,33,21,89
84,35,33,83
85,37,9,93
86,30,33,30
87,43,38,55
88,29,6,6
89,32,40,17
90,38,98,73
91,20,82,47
92,22,17,17
93,42,9,38
94,79,52,89
95,72,91,53
96,56,86,41
97,57,62,21
98,57,89,75
99,63,43,53
100,46,55,34
101,78,43,1
102,63,85,72
103,59,70,98
104,53,36,22
105,75,12,91
106,49,6,85
107,59,17,70
108,75,62,55
109,51,78,28
110,42,86,29
111,52,31,53
112,48,7,60
113,66,40,42
114,48,100,51
115,54,43,9
116,43,64,51
117,45,84,65
118,79,41,24
119,44,58,4
120,49,51,69
121,59,35,72
122,46,73,74
123,44,55,68
124,67,42,69
125,41,59,56
126,47,2,36
127,52,26,75
128,50,57,71
129,50,39,8
130,61,11,86
131,79,62,68
132,40,70,27
133,48,48,69
134,77,16,71
135,52,82,100
136,79,14,23
137,68,96,86
138,56,17,27
139,68,55,93
140,52,83,23
141,75,36,84
142,48,28,29
143,41,24,70
144,64,29,3
145,60,16,42
146,52,37,3
147,73,55,5
148,42,23,37
149,54,95,98
150,80,65,39
151,77,4,100
152,65,9,88
153,79,50,3
154,67,75,34
155,50,76,36
156,54,34,28
157,52,8,90
158,57,10,40
159,80,82,47
160,66,26,11
161,78,59,99
162,60,72,62
163,75,19,73
164,76,12,43
165,42,59,87
166,75,69,36
167,64,80,47
168,51,83,100
169,62,64,62
170,54,16,52
171,99,8,9
172,79,96,22
173,76,100,88
174,87,20,0
175,77,93,60
176,79,78,0
177,100,93,93
178,102,66,63
179,87,85,23
180,97,69,36
181,87,65,34
182,90,17,21
183,70,50,19
184,91,4,59
185,88,48,16
186,103,77,23
187,98,56,65
188,97,97,56
189,95,88,3
190,92,27,49
191,107,24,31
192,88,65,10
193,84,11,51
194,109,77,66
195,103,76,61
196,103,96,64
197,75,100,59
198,80,17,88
199,83,73,26
200,88,46,72
201,101,55,58
202,92,57,38
203,73,41,57
204,105,24,35
205,90,37,85
206,98,92,39
207,108,82,21
208,70,24,64
209,83,36,68
210,82,58,59
211,85,52,27
212,95,87,91
213,74,8,17
214,71,83,57
215,104,58,1
216,70,8,81
217,80,10,7
218,89,18,66
219,84,62,67
220,103,98,59
221,105,38,88
222,108,40,45
223,71,66,4
224,110,41,40
225,93,72,73
226,103,71,28
227,101,70,51
228,77,57,11
229,104,15,64
230,80,34,2
231,105,74,64
232,82,73,35
233,103,72,9
234,94,52,48
235,107,50,98
236,90,83,11
237,92,26,59
238,91,64,89
239,83,84,86
240,99,28,3
241,102,49,23
242,85,15,64
243,104,85,10
244,85,60,43
245,101,16,47
246,72,18,36
247,77,74,93
248,94,52,91
249,80,61,3
250,103,35,16
251,71,77,31
252,87,60,58
253,97,8,26
254,110,1,44
255,85,14,11
256,88,64,84
257,88,6,63
258,82,89,47
259,107,95,80
260,108,77,46
261,107,37,36
262,108,78,32
263,106,73,4
264,54,34,19
265,73,46,6
266,60,63,2
267,79,47,3
268,52,55,32
269,78,97,38
270,66,26,97
271,79,18,51
272,79,88,77
273,71,30,80
274,53,89,52
275,51,89,8
276,65,0,37
277,51,8,27
278,77,80,74
279,56,32,38
280,76,37,30
281,70,21,5
282,65,38,89
283,79,0,96
284,63,77,43
285,65,5,58
286,65,58,30
287,53,7,13
288,74,15,28
289,54,29,89
290,56,3,21
291,55,22,17
292,68,80,68
293,69,75,21
294,52,45,56
295,61,47,51
296,73,8,61
297,59,31,65
298,63,47,59
299,77,96,86
300,66,5,10
301,70,8,16
302,51,20,0
303,66,75,78
304,68,67,47
305,54,43,88
306,50,13,8
307,62,31,61
308,59,16,9
309,77,16,53
310,61,83,44
311,60,62,93
312,58,88,85
313,71,50,31
314,68,96,33
315,64,31,30
316,56,99,52
317,58,61,7
318,53,81,32
319,62,84,39
320,51,48,36
321,78,85,81
322,56,30,90
323,50,7,56
324,53,98,57
325,61,72,80
326,60,88,63
327,59,69,60
328,64,16,51
329,66,30,60
330,58,67,49
331,53,24,20
332,71,24,55
333,50,30,99
334,64,97,71
335,72,96,8
336,55,87,67
337,70,26,3
338,69,84,13
339,67,97,42
340,76,78,14
341,50,43,31
342,66,20,96
343,78,42,64
344,62,100,16
345,72,22,66
346,77,58,83
347,80,86,54
348,74,11,27
349,58,53,81
350,61,16,55
351,79,34,12
352,71,46,13
353,65,13,32
354,65,98,43
355,50,55,5
356,35,5,54
357,24,64,44
358,29,11,96
359,49,16,35
360,27,17,36
361,27,10,92
362,25,83,89
363,42,71,89
364,33,44,96
1,42,50,25
2,45,91,46
3,36,1,96
4,22,47,80
5,24,89,46
6,31,69,70
7,41,66,4
8,44,67,3
9,42,41,60
10,44,82,1
11,41,90,34
12,20,33,3
13,20,75,73
14,49,78,34
15,46,40,25
16,42,67,76
17,20,0,55
18,28,6,46
19,37,63,12
20,43,89,5
21,29,55,46
22,22,69,2
23,37,15,75
24,24,38,13
25,35,90,67
26,21,9,34
27,42,16,86
28,31,2,35
29,21,47,6
30,33,31,29
31,39,47,0
32,37,95,51
33,27,82,8
34,44,73,95
35,27,11,98
36,39,5,85
37,22,6,98
38,42,28,15
39,36,7,25
40,22,27,29
41,20,92,75
42,40,83,62
43,38,68,72
44,25,91,26
45,39,47,45
46,33,69,47
47,46,6,11
48,39,32,39
49,45,1,0
50,38,19,95
51,33,39,39
52,23,16,40
53,32,80,41
54,21,67,73
55,26,85,65
56,38,75,46
57,47,7,23
58,37,2,80
59,35,93,64
60,49,69,81
61,43,51,43
62,23,21,51
63,42,27,20
64,38,51,86
65,44,69,9
66,45,1,18
67,50,20,76
68,47,34,80
69,40,26,65
70,27,23,24
71,46,58,82
72,33,37,58
73,41,98,91
74,32,12,32
75,44,98,49
76,36,41,55
77,38,58,72
78,26,39,52
79,40,88,61
80,41,26,43
81,32,90,38
82,32,90,16
83,30,38,22
84,20,9,39
85,27,87,80
86,25,36,89
87,37,69,56
88,30,83,10
89,26,27,11
90,39,54,10
91,41,49,14
92,26,31,20
93,70,74,25
94,52,46,96
95,58,13,20
96,58,22,37
97,65,50,0
98,66,3,60
99,61,51,77
100,65,45,86
101,50,36,99
102,60,94,28
103,48,53,22
104,48,80,19
105,71,87,28
106,49,46,68
107,56,75,60
108,57,20,51
109,44,29,17
110,46,79,9
111,76,37,70
112,47,72,60
113,59,21,70
114,79,77,79
115,55,19,30
116,57,70,14
117,80,45,90
118,77,71,41
119,75,81,73
120,50,63,40
121,73,43,24
122,66,67,16
123,71,33,69
124,72,34,96
125,74,63,1
126,63,64,14
127,47,34,65
128,77,36,25
129,75,91,48
130,66,53,59
131,56,87,54
132,46,47,72
133,42,87,63
134,77,74,69
135,45,7,22
136,55,75,74
137,59,34,25
138,51,57,45
139,63,36,34
140,41,75,8
141,42,83,62
142,79,10,86
143,46,87,27
144,43,58,63
145,80,42,98
146,78,99,68
147,51,1,98
148,52,47,52
149,67,14,25
150,53,0,52
151,45,73,7
152,67,20,43
153,60,55,64
154,42,51,18
155,44,51,1
156,50,97,20
157,71,24,5
158,46,2,92
159,67,13,72
160,46,55,44
161,63,24,17
162,46,74,60
163,45,46,16
164,46,94,98
165,65,8,46
166,66,1,80
167,78,27,44
168,77,26,51
169,72,44,46
170,41,61,74
171,102,55,24
172,83,4,47
173,106,79,98
174,71,6,48
175,73,91,58
176,84,73,91
177,99,82,80
178,78,72,72
179,73,89,4
180,93,79,99
181,84,13,24
182,74,97,80
183,89,6,13
184,103,55,5
185,71,42,92
186,109,94,99
187,75,22,22
188,89,19,62
189,101,87,18
190,92,19,74
191,70,26,99
192,89,48,91
193,71,11,97
194,83,67,57
195,108,46,39
196,107,12,3
197,108,57,19
198,92,33,73
199,103,66,35
200,86,67,33
201,71,89,83
202,110,56,58
203,106,42,37
204,101,79,76
205,85,26,20
206,93,52,44
207,106,28,37
208,81,72,90
209,95,50,84
210,91,8,27
211,102,76,4
212,105,19,40
213,79,56,100
214,70,41,3
215,102,13,96
216,95,38,34
217,78,15,34
218,82,84,37
219,104,100,44
220,70,20,49
221,99,33,72
222,92,9,90
223,98,27,86
224,86,44,46
225,98,82,94
226,91,67,81
227,76,77,2
228,87,49,98
229,84,17,14
230,82,96,14
231,71,73,36
232,96,61,57
233,81,34,90
234,76,87,57
235,97,51,73
236,90,84,99
237,98,71,49
238,80,71,86
239,99,82,61
240,94,97,80
241,99,96,41
242,88,59,91
243,101,64,39
244,110,57,49
245,92,21,17
246,92,89,32
247,103,99,9
248,106,42,96
249,89,57,63
250,76,95,86
251,106,44,26
252,98,65,31
253,107,14,58
254,107,55,62
255,98,78,37
256,105,72,13
257,90,23,16
258,106,64,1
259,84,87,97
260,109,41,35
261,84,90,92
262,79,27,87
263,107,7,74
264,76,47,46
265,50,38,48
266,68,26,78
267,78,32,11
268,51,6,53
269,68,10,32
270,70,2,8
271,55,47,15
272,51,15,45
273,63,71,56
274,60,80,53
275,60,91,60
276,78,81,56
277,62,62,15
278,62,29,74
279,74,10,72
280,53,91,17
281,63,6,83
282,68,44,92
283,73,88,83
284,64,82,87
285,56,50,25
286,77,53,15
287,60,72,60
288,63,50,25
289,61,41,80
290,57,41,14
291,57,16,89
292,50,66,75
293,79,48,18
294,50,23,60
295,78,6,45
296,53,100,28
297,69,87,8
298,50,18,100
299,51,69,40
300,50,8,99
301,63,13,39
302,76,99,41
303,77,52,23
304,74,66,57
305,66,73,0
306,70,50,12
307,53,67,86
308,53,52,40
309,53,62,13
310,61,77,18
311,50,98,81
312,53,61,82
313,77,39,93
314,69,91,50
315,55,86,49
316,78,95,39
317,74,16,78
318,77,38,52
319,75,70,63
320,60,8,77
321,60,7,85
322,55,11,35
323,80,64,15
324,50,7,76
325,80,63,26
326,62,79,58
327,61,56,2
328,61,5,8
329,71,25,3
330,74,57,75
331,59,20,67
332,63,95,1
333,55,0,49
334,58,52,26
335,65,74,49
336,58,14,50
337,53,64,70
338,51,71,82
339,80,65,95
340,77,49,73
341,79,4,63
342,73,89,1
343,67,96,38
344,51,72,35
345,69,32,43
346,51,29,99
347,76,57,64
348,78,22,61
349,77,60,7
350,59,70,96
351,72,28,64
352,54,41,74
353,52,28,68
354,50,28,28
355,30,91,84
356,28,58,84
357,38,57,4
358,50,59,42
359,28,72,9
360,34,25,5
361,31,26,31
362,40,92,65
363,43,59,81
364,26,70,87
1,31,51,45
2,24,83,8
3,43,39,26
4,39,61,17
5,42,40,22
6,47,52,60
7,40,51,71
8,29,76,15
9,38,78,88
10,49,99,6
11,49,89,16
12,32,62,73
13,49,27,24
14,35,9,42
15,42,32,98
16,22,84,80
17,45,3,27
18,28,5,82
19,43,27,60
20,39,1,25
21,28,50,67
22,45,90,85
23,34,50,89
24,40,6,8
25,34,85,43
26,35,27,84
27,32,5,69
28,26,97,16
29,25,83,99
30,42,33,56
31,20,17,90
32,36,79,99
33,43,64,90
34,23,70,30
35,20,83,66
36,38,69,96
37,48,36,18
38,31,1,27
39,25,35,85
40,39,8,13
41,34,36,87
42,35,37,17
43,29,43,25
44,47,8,17
45,33,44,74
46,31,13,87
47,39,62,32
48,47,99,81
49,42,38,83
50,30,98,4
51,26,32,48
52,23,13,24
53,26,71,88
54,31,70,42
55,49,32,28
56,34,57,95
57,30,11,78
58,31,26,40
59,37,98,77
60,29,69,56
61,31,43,62
62,28,32,11
63,31,58,54
64,39,62,3
65,45,26,34
66,34,64,73
67,29,55,37
68,26,21,0
69,37,24,89
70,38,84,96
71,27,91,5
72,20,86,27
73,48,100,35
74,30,89,65
75,21,20,47
76,46,89,83
77,42,10,93
78,37,55,37
79,48,44,25
80,24,49,23
81,37,16,52
82,43,38,99
83,25,21,47
84,45,50,21
85,31,22,39
86,41,67,60
87,48,51,54
88,27,16,14
89,41,56,25
90,34,57,73
91,39,24,77
92,41,19,89
93,65,10,54
94,61,5,82
95,78,79,55
96,51,48,89
97,73,67,63
98,53,37,76
99,66,11,22
100,78,62,93
101,56,2,98
102,72,12,23
103,79,4,62
104,78,74,10
105,65,7,67
106,51,58,77
107,54,17,100
108,57,76,0
109,57,21,20
110,54,92,65
111,75,42,88
112,48,57,69
113,79,65,3
114,52,63,63
115,79,62,46
116,76,92,10
117,67,32,8
118,60,35,53
119,68,75,55
120,75,69,17
121,46,10,99
122,80,10,30
123,58,97,71
124,61,79,82
125,59,21,28
126,67,20,86
127,49,35,2
128,61,99,0
129,60,45,60
130,41,4,99
131,78,62,95
132,51,63,86
133,66,89,92
134,71,55,26
135,76,5,69
136,69,82,50
137,54,85,50
138,49,17,9
139,51,31,27
140,67,36,50
141,55,39,52
142,44,5,2
143,46,40,44
144,49,84,3
145,44,74,56
146,54,43,99
147,73,17,73
148,72,44,87
149,54,38,11
150,76,25,97
151,66,48,3
152,58,64,98
153,55,13,84
154,70,1,46
155,57,90,42
156,50,75,87
157,45,98,43
158,63,69,69
159,62,66,76
160,45,48,73
161,54,60,69
162,74,66,60
163,71,21,59
164,80,2,96
165,73,18,49
166,40,82,97
167,67,94,85
168,43,74,40
169,51,41,45
170,54,74,0
171,105,31,47
172,93,50,28
173,83,28,87
174,77,51,42
175,95,15,0
176,98,82,42
177,74,75,12
178,71,48,47
179,94,94,15
180,101,85,42
181,88,73,12
182,87,49,21
183,70,39,4
184,93,39,45
185,103,39,97
186,78,58,41
187,97,65,5
188,87,75,6
189,107,6,27
190,107,24,95
191,91,48,82
192,100,79,8
193,84,57,48
194,75,12,71
195,86,72,33
196,101,44,97
197,86,25,7
198,110,29,27
199,102,82,9
200,95,58,77
201,103,76,41
202,83,73,4
203,103,7,29
204,89,92,92
205,101,4,19
206,105,61,95
207,89,72,61
208,100,25,2
209,102,50,32
210,91,100,77
211,80,28,85
212,102,44,70
213,89,43,41
214,70,5,26
215,108,70,70
216,81,83,94
217,70,95,93
218,97,30,94
219,75,56,29
220,87,91,58
221,104,73,20
222,97,60,85
223,98,43,4
224,93,53,100
225,100,69,4
226,81,47,29
227,89,81,85
228,106,4,10
229,70,18,58
230,103,96,73
231,85,60,23
232,91,2,39
233,77,87,73
234,99,27,60
235,92,90,94
236,90,100,4
237,98,93,26
238,110,55,57
239,107,45,45
240,101,25,22
241,76,83,84
242,105,37,61
243,92,6,14
244,104,70,60
245,74,43,13
246,110,43,9
247,110,19,46
248,82,54,92
249,81,19,28
250,74,21,84
251,93,16,37
252,71,73,54
253,89,61,61
254,103,90,43
255,73,18,62
256,90,39,43
257,104,2,1
258,81,5,40
259,106,36,34
260,94,9,9
261,89,73,55
262,72,58,15
263,90,67,74
264,67,68,37
265,76,61,26
266,63,12,20
267,54,66,7
268,55,49,51
269,58,96,65
270,71,72,64
271,79,96,95
272,60,28,16
273,62,18,27
274,53,76,7
275,55,94,76
276,71,3,77
277,66,24,64
278,59,28,21
279,80,46,99
280,64,88,63
281,78,29,8
282,50,85,23
283,71,25,43
284,57,69,67
285,53,40,48
286,60,48,34
287,63,72,66
288,64,43,95
289,76,14,64
290,63,0,6
291,78,32,76
292,71,24,79
293,64,99,57
294,54,73,50
295,52,36,10
296,70,8,52
297,70,6,28
298,61,67,77
299,75,4,9
300,51,89,17
301,75,81,65
302,52,47,3
303,67,46,64
304,55,59,62
305,70,24,25
306,67,59,60
307,72,27,60
308,59,57,1
309,73,14,17
310,61,18,68
311,68,88,5
312,55,34,12
313,58,60,17
314,56,75,29
315,50,63,98
316,66,36,98
317,51,56,57
318,67,13,96
319,71,18,81
320,52,27,57
321,53,6,81
322,73,16,84
323,65,64,53
324,56,87,96
325,74,12,77
326,53,2,53
327,64,65,61
328,79,28,5
329,53,7,74
330,66,77,44
331,76,30,7
332,66,62,76
333,67,57,31
334,72,33,53
335,64,32,20
336,65,18,59
337,70,99,33
338,80,56,14
339,62,49,61
340,59,96,79
341,55,8,95
342,70,24,8
343,78,0,4
344,64,50,31
345,52,15,82
346,74,3,17
347,55,87,65
348,64,49,81
349,69,37,36
350,72,21,49
351,50,77,94
352,74,99,69
353,80,68,14
354,66,40,48
355,20,49,70
356,24,77,31
357,46,85,3
358,23,27,84
359,26,94,72
360,22,38,47
361,42,48,65
362,30,100,1
363,50,77,90
364,36,40,93
1,31,59,0
2,20,37,57
3,24,33,49
4,49,66,53
5,20,90,19
6,36,29,30
7,28,17,87
8,20,30,3
9,30,72,6
10,40,83,53
11,34,49,83
12,22,33,87
13,46,28,80
14,25,65,83
15,46,32,76
16,28,58,88
17,26,50,6
18,35,86,58
19,34,42,2
20,25,38,29
21,32,41,1
22,37,64,81
23,35,82,95
24,34,42,73
25,21,56,87
26,41,9,90
27,32,28,74
28,28,23,38
29,36,87,6
30,32,24,86
31,29,62,74
32,33,32,7
33,50,53,25
34,47,41,65
35,47,95,61
36,44,67,55
37,29,92,81
38,38,35,73
39,43,67,75
40,25,49,51
41,41,80,76
42,33,43,17
43,23,72,49
44,32,30,53
45,47,51,76
46,36,68,71
47,27,54,97
48,49,78,80
49,29,39,87
50,24,63,58
51,40,78,8
52,27,25,100
53,34,37,44
54,46,60,2
55,30,85,53
56,43,22,15
57,44,68,81
58,46,9,52
59,34,3,5
60,43,79,2
61,29,24,0
62,48,50,25
63,27,97,77
64,48,40,86
65,26,39,4
66,46,18,17
67,37,24,44
68,32,85,48
69,35,90,87
70,40,4,81
71,48,36,44
72,42,51,52
73,49,42,24
74,26,65,78
75,30,0,49
76,44,66,94
77,23,97,98
78,31,56,39
79,28,48,75
80,34,87,62
81,25,57,54
82,41,87,47
83,40,0,20
84,50,100,78
85,39,37,4
86,25,69,22
87,28,60,39
88,20,57,68
89,37,56,20
90,25,71,21
91,30,74,72
92,30,26,30
93,68,66,87
94,60,72,57
95,43,72,68
96,46,20,12
97,50,79,5
98,56,88,28
99,77,92,59
100,78,79,96
101,46,68,67
102,71,54,22
103,46,82,75
104,52,73,63
105,74,64,18
106,68,46,94
107,47,90,23
108,50,39,71
109,45,7,69
110,72,55,26
111,64,44,100
112,63,73,24
113,44,86,81
114,77,34,41
115,75,20,30
116,61,57,29
117,66,64,62
118,41,26,31
119,63,4,40
120,61,98,74
121,51,95,72
122,76,71,37
123,67,11,12
124,40,25,77
125,55,12,19
126,75,67,7
127,51,84,29
128,80,19,42
129,50,86,82
130,64,47,66
131,69,87,57
132,72,19,9
133,80,66,19
134,41,71,77
135,41,11,7
136,79,21,2
137,79,60,62
138,62,38,89
139,46,44,0
140,40,46,55
141,46,28,90
142,45,57,2
143,78,33,80
144,66,16,38
145,42,34,74
146,64,18,47
147,55,16,69
148,55,31,16
149,66,28,39
150,74,40,91
151,77,44,13
152,69,80,73
153,55,79,42
154,80,86,81
155,80,16,36
156,48,90,2
157,72,17,53
158,59,56,88
159,73,20,31
160,77,14,39
161,49,11,71
162,78,79,97
163,55,53,1
164,75,27,21
165,76,89,34
166,66,1,78
167,61,3,99
168,77,82,79
169,43,97,39
170,79,41,31
171,86,39,92
172,101,65,15
173,100,69,33
174,108,62,86
175,79,50,51
176,93,40,29
177,90,66,10
178,109,16,59
179,76,64,50
180,95,63,86
181,88,47,69
182,95,35,5
183,71,5,87
184,102,41,18
185,81,71,71
186,110,46,65
187,70,1,24
188,107,70,54
189,83,63,82
190,91,36,96
191,81,64,48
192,95,68,91
193,102,99,75
194,104,55,0
195,73,80,34
196,85,4,43
197,108,24,79
198,86,78,2
199,73,80,37
200,83,34,1
201,74,74,31
202,79,81,89
203,74,94,3
204,96,43,99
205,70,3,24
206,103,93,43
207,89,40,34
208,94,19,29
209,76,51,99
210,83,8,23
211,82,17,72
212,109,61,44
213,73,26,65
214,106,67,19
215,90,62,67
216,104,55,23
217,82,97,45
218,86,11,30
219,103,58,14
220,81,36,27
221,104,12,5
222,74,59,24
223,106,79,56
224,99,39,75
225,104,52,67
226,94,14,82
227,107,79,83
228,88,6,21
229,86,50,81
230,73,71,20
231,74,84,38
232,99,86,20
233,91,18,67
234,75,41,30
235,107,86,14
236,99,27,88
237,74,3,63
238,78,42,17
239,82,22,22
240,85,38,96
241,98,91,39
242,93,42,61
243,74,47,2
244,75,2,69
245,105,58,30
246,81,35,19
247,83,76,17
248,86,69,100
249,101,11,25
250,95,51,73
251,84,17,62
252,87,47,57
253,100,70,26
254,75,1,51
255,75,51,15
256,89,89,48
257,104,13,56
258,74,82,36
259,88,59,27
260,81,1,0
261,94,5,31
262,97,61,18
263,83,26,36
264,64,70,75
265,74,58,26
266,80,89,13
267,67,1,42
268,77,0,74
269,70,45,84
270,61,48,96
271,75,31,22
272,70,15,38
273,59,7,90
274,64,60,28
275,69,22,93
276,52,54,22
277,73,24,11
278,56,37,23
279,57,3,71
280,52,88,22
281,74,31,84
282,68,97,5
283,57,98,35
284,58,45,76
285,64,63,98
286,78,54,3
287,73,7,3
288,69,10,95
289,56,97,50
290,78,78,51
291,70,84,18
292,55,52,7
293,65,33,64
294,66,95,62
295,64,10,49
296,51,39,7
297,63,69,17
298,60,67,42
299,56,14,68
300,62,72,45
301,64,37,54
302,72,28,58
303,51,74,38
304,53,38,32
305,74,27,77
306,71,14,93
307,59,4,79
308,74,36,57
309,73,20,82
310,62,3,72
311,73,6,22
312,53,17,78
313,75,56,94
314,76,99,26
315,61,7,90
316,52,0,72
317,77,94,97
318,77,29,70
319,74,93,88
320,73,63,95
321,50,18,94
322,64,41,46
323,61,85,6
324,70,60,19
325,71,16,3
326,52,87,53
327,77,66,28
328,55,24,64
329,71,22,21
330,68,72,49
331,78,60,100
332,77,30,30
333,59,43,10
334,76,81,92
335,75,33,20
336,57,83,60
337,68,89,52
338,60,82,42
339,80,95,40
340,54,88,61
341,74,65,14
342,76,29,36
343,80,97,35
344,72,9,11
345,55,99,27
346,68,57,86
347,54,10,56
348,77,68,84
349,77,4,14
350,66,66,58
351,58,76,27
352,65,42,50
353,54,28,33
354,51,12,51
355,50,73,44
356,25,36,40
357,44,6,13
358,25,48,54
359,40,58,32
360,44,99,91
361,35,13,85
362,48,100,20
363,31,51,28
364,30,2,98
1,32,8,6
2,33,37,66
3,36,59,89
4,40,11,92
5,31,32,52
6,28,53,56
7,33,68,11
8,24,6,70
9,47,13,64
10,39,25,46
11,42,70,100
12,48,60,95
13,45,37,93
14,20,36,69
15,28,19,46
16,42,39,28
17,38,14,88
18,48,9,85
19,44,92,63
20,38,66,86
21,39,33,24
22,37,99,6
23,27,56,91
24,20,63,36
25,36,18,68
26,46,90,77
27,47,74,50
28,41,37,93
29,46,54,8
30,21,63,84
31,48,87,96
32,30,33,78
33,20,39,48
34,35,64,12
35,20,73,55
36,28,74,85
37,33,64,58
38,30,42,98
39,24,78,54
40,23,77,26
41,36,0,44
42,21,25,62
43,35,83,15
44,36,33,32
45,30,49,46
46,36,88,1
47,41,22,87
48,25,25,85
49,44,60,2
50,30,53,98
51,29,0,10
52,23,8,21
53,37,22,35
54,38,43,35
55,29,51,65
56,41,82,20
57,48,36,100
58,31,52,26
59,42,78,33
60,50,69,28
61,20,41,35
62,49,36,39
63,36,96,48
64,35,9,90
65,39,46,27
66,50,40,48
67,40,2,97
68,50,91,1
69,30,7,9
70,34,39,19
71,38,22,39
72,26,59,56
73,21,100,85
74,40,44,19
75,21,32,24
76,42,77,84
77,40,40,41
78,41,83,0
79,37,88,68
80,43,62,2
81,31,32,27
82,25,49,35
83,43,65,20
84,23,34,35
85,27,84,46
86,29,50,95
87,32,35,34
88,28,52,0
89,50,51,32
90,49,4,21
91,48,1,86
92,35,78,77
93,56,65,50
94,70,40,82
95,58,38,2
96,55,43,13
97,45,88,6
98,59,57,12
99,80,62,99
100,75,75,74
101,50,60,75
102,52,3,11
103,48,15,42
104,59,52,54
105,56,20,99
106,55,14,44
107,76,83,96
108,66,47,16
109,74,19,69
110,68,55,1
111,63,69,6
112,70,32,13
113,53,59,39
114,55,16,71
115,57,81,33
116,60,84,25
117,80,83,77
118,48,68,35
119,77,82,63
120,54,10,50
121,67,95,7
122,48,88,77
123,68,62,27
124,67,4,58
125,40,43,34
126,50,25,86
127,65,100,65
128,77,62,15
129,80,97,11
130,53,33,6
131,66,65,7
132,68,34,96
133,72,92,17
134,54,96,77
135,62,84,53
136,52,47,40
137,43,61,40
138,68,96,25
139,65,65,46
140,47,50,85
141,56,85,89
142,68,54,18
143,45,87,36
144,44,50,9
145,78,25,36
146,69,57,0
147,73,2,0
148,70,69,75
149,57,79,0
150,61,81,96
151,72,59,1
152,58,49,37
153,60,44,75
154,55,22,90
155,41,90,83
156,54,81,5
157,70,85,69
158,70,27,20
159,50,55,65
160,56,98,85
161,43,70,58
162,61,18,29
163,58,46,31
164,70,96,88
165,56,99,84
166,59,46,90
167,76,38,21
168,61,75,90
169,54,4,19
170,52,63,42
171,90,16,0
172,103,99,97
173,104,7,6
174,73,59,5
175,91,21,37
176,96,70,93
177,81,98,91
178,76,51,88
179,102,75,2
180,70,35,25
181,74,7,100
182,100,78,91
183,97,59,97
184,76,87,47
185,94,66,92
186,93,8,86
187,81,86,28
188,101,34,9
189,100,62,2
190,92,36,75
191,84,65,24
192,71,20,86
193,81,61,45
194,107,41,87
195,94,69,90
196,88,56,50
197,107,17,57
198,78,87,85
199,100,37,17
200,85,44,52
201,95,30,4
202,97,96,25
203,82,80,3
204,106,85,97
205,72,64,36
206,93,63,65
207,73,7,92
208,106,94,93
209,107,63,60
210,82,62,10
211,103,18,67
212,109,78,18
213,70,9,4
214,81,0,55
215,93,25,41
216,75,79,43
217,110,10,99
218,85,66,18
219,98,31,65
220,88,21,19
221,71,4,11
222,107,21,88
223,80,44,5
224,97,79,27
225,89,78,43
226,104,3,83
227,108,41,42
228,71,15,1
229,108,46,91
230,95,91,80
231,91,99,99
232,99,84,88
233,81,91,0
234,98,97,23
235,85,36,61
236,99,62,51
237,98,29,1
238,96,97,43
239,99,5,46
240,97,67,48
241,85,86,39
242,77,5,4
243,101,5,50
244,106,23,33
245,87,74,59
246,73,41,29
247,109,27,93
248,81,100,9
249,95,57,55
250,105,63,97
251,80,80,85
252,101,14,90
253,87,17,21
254,99,58,73
255,85,42,27
256,94,71,75
257,100,46,18
258,84,87,0
259,93,77,82
260,87,69,64
261,99,40,4
262,72,74,46
263,78,48,10
264,57,65,56
265,56,60,28
266,67,58,87
267,78,55,85
268,63,57,64
269,67,91,24
270,68,96,89
271,59,59,78
272,72,64,47
273,61,75,44
274,68,12,75
275,65,77,71
276,65,45,96
277,72,93,6
278,72,96,2
279,78,68,13
280,59,31,85
281,65,87,43
282,70,70,80
283,80,76,32
284,58,42,92
285,78,41,1
286,57,50,84
287,70,64,81
288,54,7,75
289,79,78,32
290,78,63,6
291,54,11,46
292,79,61,49
293,75,14,90
294,61,72,98
295,53,96,26
296,74,67,5
297,72,53,61
298,69,42,23
299,67,5,81
300,65,24,40
301,54,35,9
302,65,73,22
303,79,45,32
304,70,33,74
305,80,53,81
306,75,93,62
307,55,19,47
308,58,53,83
309,60,67,1
310,64,45,80
311,80,38,17
312,75,33,99
313,53,100,64
314,65,89,78
315,70,47,11
316,57,60,99
317,69,87,46
318,58,19,94
319,77,3,83
320,69,94,11
321,58,44,16
322,63,6,11
323,54,89,33
324,62,82,82
325,79,53,71
326,59,95,53
327,52,82,13
328,69,49,92
329,64,54,36
330,69,1,14
331,80,13,54
332,58,22,79
333,71,61,0
334,50,44,81
335,64,67,34
336,50,93,30
337,76,80,48
338,55,6,50
339,67,60,12
340,67,32,11
341,80,44,3
342,55,30,62
343,57,17,24
344,76,62,34
345,63,55,85
346,70,48,0
347,61,29,58
348,72,3,5
349,67,49,54
350,76,16,63
351,55,54,41
352,57,87,45
353,77,55,80
354,76,17,50
355,48,44,98
356,40,100,71
357,37,26,32
358,40,72,76
359,45,26,41
360,34,48,64
361,27,55,32
362,43,47,23
363,39,62,28
364,40,91,21
1,32,83,4
2,23,1,34
3,47,20,97
4,29,51,50
5,50,9,25
6,34,36,8
7,20,34,100
8,43,44,18
9,20,89,39
10,30,97,16
11,45,41,95
12,47,40,65
13,39,51,24
14,28,41,94
15,48,83,47
16,44,0,4
17,37,89,21
18,26,46,15
19,39,71,87
20,35,83,87
21,43,76,70
22,50,50,94
23,29,13,35
24,45,64,85
25,47,68,85
26,21,42,99
27,37,79,84
28,42,52,41
29,33,25,52
30,38,31,93
31,48,53,35
32,45,12,34
33,21,40,87
34,23,39,60
35,30,89,68
36,22,59,57
37,40,19,29
38,24,53,81
39,46,65,91
40,50,49,95
41,32,46,21
42,21,32,13
43,38,86,68
44,34,21,21
45,41,43,16
46,39,31,3
47,21,48,55
48,35,74,52
49,44,45,23
50,40,18,43
51,48,71,51
52,35,95,23
53,39,49,36
54,34,78,2
55,46,92,41
56,27,39,55
57,28,29,45
58,44,38,86
59,47,89,60
60,28,90,65
61,26,11,33
62,39,63,63
63,46,70,43
64,43,44,21
65,35,10,50
66,21,93,84
67,47,50,16
68,39,9,64
69,29,87,80
70,41,72,35
71,30,19,31
72,38,23,54
73,25,99,10
74,41,91,9
75,38,23,48
76,38,63,14
77,40,92,12
78,45,28,33
79,50,93,16
80,23,13,83
81,50,84,3
82,41,14,13
83,50,100,9
84,39,29,9
85,35,87,92
86,28,33,44
87,49,26,79
88,23,71,83
89,35,15,35
90,25,85,5
91,46,37,37
92,25,52,11
93,78,23,22
94,47,72,97
95,41,70,8
96,43,73,52
97,44,55,60
98,74,37,34
99,42,32,99
100,41,5,26
101,72,30,81
102,76,53,34
103,72,2,6
104,60,31,83
105,69,60,43
106,76,21,46
107,64,75,70
108,62,92,61
109,55,8,54
110,50,7,66
111,60,86,5
112,75,87,32
113,68,86,19
114,48,48,45
115,80,99,31
116,64,15,37
117,62,25,5
118,60,42,4
119,63,10,82
120,70,27,47
121,48,20,13
122,64,38,63
123,61,86,0
124,42,64,38
125,51,26,80
126,79,66,65
127,42,4,50
128,47,82,45
129,52,29,79
130,77,0,28
131,64,13,59
132,59,60,59
133,66,73,0
134,44,11,55
135,77,64,36
136,56,9,82
137,51,50,19
138,75,33,70
139,55,4,68
140,55,24,61
141,73,54,28
142,55,57,66
143,66,79,27
144,66,28,82
145,73,97,20
146,66,40,15
147,65,18,20
148,49,27,89
149,51,73,25
150,45,43,85
151,55,63,62
152,42,5,11
153,43,29,49
154,57,24,54
155,53,13,26
156,44,49,39
157,64,37,80
158,79,58,88
159,79,37,62
160,71,1,38
161,53,33,22
162,50,54,72
163,79,16,61
164,79,89,46
165,48,98,100
166,51,2,64
167,66,72,59
168,76,91,59
169,44,95,3
170,43,11,21
171,106,99,1
172,83,94,7
173,108,70,2
174,105,42,4
175,73,42,32
176,98,76,29
177,94,93,15
178,105,75,71
179,90,67,46
180,77,60,38
181,86,28,2
182,82,84,94
183,90,54,98
184,87,24,79
185,74,98,50
186,100,64,10
187,88,10,25
188,105,33,78
189,110,65,6
190,79,93,70
191,95,88,87
192,86,76,52
193,80,27,3
194,77,81,40
195,85,60,82
196,87,43,43
197,101,36,2
198,104,45,38
199,104,37,66
200,79,50,19
201,86,33,6
202,93,8,15
203,71,44,76
204,92,72,11
205,84,79,41
206,85,47,79
207,73,90,90
208,103,35,42
209,86,91,100
210,73,14,93
211,94,47,2
212,104,30,3
213,102,80,64
214,80,32,80
215,106,75,73
216,107,18,68
217,102,84,68
218,87,49,32
219,105,11,15
220,100,85,41
221,75,37,23
222,104,44,56
223,106,7,13
224,103,40,73
225,81,16,3
226,81,18,98
227,92,60,30
228,93,86,14
229,87,16,23
230,80,84,42
231,94,27,99
232,77,70,4
233,90,6,96
234,95,55,15
235,78,11,88
236,105,4,95
237,92,77,11
238,97,22,67
239,106,47,33
240,77,50,63
241,93,45,31
242,92,16,45
243,96,56,52
244,109,27,3
245,108,83,76
246,105,49,87
247,84,55,3
248,85,26,76
249,88,72,50
250,98,28,72
251,85,76,15
252,78,23,73
253,84,62,86
254,88,64,5
255,74,99,65
256,76,99,10
257,87,83,33
258,100,56,22
259,97,58,89
260,70,64,69
261,89,83,45
262,92,19,60
263,100,72,81
264,53,19,72
265,53,29,77
266,57,26,26
267,59,77,71
268,55,52,77
269,70,34,86
270,73,86,82
271,69,40,69
272,74,71,3
273,50,20,42
274,65,13,53
275,58,62,30
276,57,67,66
277,59,100,79
278,79,4,91
279,67,15,4
280,66,31,82
281,57,54,79
282,62,52,59
283,58,66,97
284,64,65,32
285,53,75,88
286,55,89,27
287,59,39,30
288,57,78,66
289,71,42,19
290,65,55,70
291,74,67,24
292,52,33,60
293,69,55,44
294,59,75,36
295,61,58,40
296,59,62,70
297,66,53,87
298,50,18,62
299,63,27,76
300,59,76,59
301,76,26,19
302,63,76,67
303,50,67,80
304,51,30,91
305,72,0,55
306,60,68,59
307,77,5,87
308,50,73,26
309,71,7,18
310,79,10,100
311,80,84,58
312,50,49,68
313,63,27,98
314,72,31,5
315,55,17,93
316,74,90,62
317,63,99,85
318,80,33,27
319,75,92,88
320,71,24,95
321,79,57,85
322,56,3,11
323,72,46,14
324,53,20,15
325,53,74,91
326,54,15,35
327,76,54,55
328,50,98,41
329,65,98,91
330,80,56,51
331,50,59,92
332,66,5,36
333,78,77,43
334,55,23,97
335,52,15,0
336,63,20,44
337,79,63,41
338,64,72,23
339,66,99,70
340,59,14,70
341,60,82,80
342,66,60,76
343,73,72,68
344,50,76,90
345,56,40,93
346,64,49,94
347,78,91,10
348,51,91,20
349,63,28,84
350,54,32,7
351,63,47,88
352,52,92,12
353,76,15,18
354,66,16,65
355,41,27,65
356,50,77,76
357,48,61,67
358,44,79,57
359,38,80,48
360,35,16,54
361,42,93,23
362,38,45,42
363,32,26,85
364,35,88,61
1,39,51,33
2,22,33,44
3,29,78,46
4,38,100,62
5,38,30,93
6,37,54,90
7,29,12,12
8,27,34,54
9,50,40,69
10,46,48,4
11,48,28,38
12,25,55,80
13,36,60,61
14,36,1,61
15,41,93,57
16,49,45,81
17,34,46,55
18,35,44,41
19,20,34,30
20,45,18,70
21,26,47,11
22,49,91,45
23,37,25,71
24,32,66,20
25,45,92,12
26,36,89,7
27,47,74,56
28,47,5,84
29,39,98,76
30,39,33,68
31,47,6,0
32,36,55,63
33,44,82,19
34,43,58,0
35,47,32,15
36,28,0,22
37,31,54,100
38,20,74,93
39,50,28,78
40,50,10,99
41,50,77,95
42,30,59,71
43,45,59,91
44,22,48,35
45,22,32,27
46,28,6,31
47,31,39,5
48,45,81,49
49,27,55,90
50,28,13,54
51,43,90,20
52,27,5,83
53,26,0,43
54,49,60,49
55,31,30,93
56,41,65,98
57,30,7,49
58,44,63,27
59,23,82,97
60,45,45,11
61,50,40,33
62,28,95,53
63,44,20,24
64,28,46,98
65,50,28,7
66,35,66,7
67,30,74,61
68,22,70,23
69,25,87,65
70,49,99,73
71,30,30,11
72,40,72,31
73,38,5,40
74,26,37,78
75,50,85,87
76,29,75,86
77,25,62,40
78,38,79,39
79,22,0,90
80,43,75,60
81,41,99,11
82,20,66,94
83,33,20,43
84,25,100,26
85,48,21,11
86,40,27,73
87,39,75,57
88,43,77,59
89,46,66,100
90,45,64,7
91,44,47,2
92,35,71,99
93,76,26,87
94,52,28,71
95,52,43,5
96,69,98,38
97,65,100,41
98,48,22,55
99,80,30,74
100,54,11,100
101,73,28,15
102,62,47,86
103,50,83,6
104,40,43,85
105,40,72,11
106,49,41,91
107,77,7,1
108,41,41,39
109,64,51,89
110,58,33,45
111,41,76,89
112,78,7,52
113,73,55,4
114,77,83,30
115,48,79,67
116,50,18,37
117,42,98,32
118,51,54,1
119,74,92,50
120,57,24,37
121,72,40,36
122,78,32,81
123,60,14,70
124,60,4,87
125,53,37,61
126,45,36,44
127,66,61,92
128,49,84,35
129,69,63,43
130,55,46,62
131,58,24,6
132,77,11,77
133,76,56,60
134,41,94,75
135,56,41,88
136,63,0,29
137,63,17,88
138,48,19,71
139,76,3,43
140,66,70,25
141,61,4,42
142,63,83,34
143,46,11,58
144,40,55,9
145,72,23,27
146,68,62,25
147,70,82,19
148,45,74,43
149,59,21,73
150,53,21,91
151,41,70,73
152,49,90,30
153,49,74,17
154,51,24,5
155,69,76,27
156,63,82,35
157,46,82,3
158,54,74,97
159,62,31,27
160,46,35,15
161,40,28,63
162,66,19,61
163,63,61,64
164,40,44,90
165,46,17,100
166,72,16,41
167,55,71,44
168,52,1,2
169,62,96,4
170,51,41,38
171,94,100,18
172,86,63,45
173,79,25,90
174,90,60,90
175,86,87,96
176,84,25,8
177,108,48,31
178,95,49,98
179,87,9,23
180,83,75,79
181,93,57,33
182,78,52,11
183,74,59,69
184,71,93,6
185,87,77,35
186,109,87,78
187,71,2,21
188,82,71,85
189,71,41,75
190,79,18,88
191,78,96,32
192,91,61,82
193,107,52,86
194,99,18,50
195,70,5,71
196,80,65,94
197,70,64,50
198,75,27,12
199,105,23,92
200,100,64,42
201,94,19,92
202,74,83,94
203,94,18,4
204,86,19,82
205,101,57,21
206,82,93,85
207,85,53,84
208,79,13,87
209,100,63,81
210,102,50,50
211,76,89,44
212,90,84,7
213,74,35,67
214,97,6,6
215,98,23,48
216,109,64,81
217,90,46,40
218,75,36,88
219,72,19,57
220,74,43,94
221,100,60,77
222,103,98,50
223,99,93,32
224,73,8,93
225,71,85,10
226,88,99,11
227,80,33,80
228,81,44,93
229,70,63,75
230,100,29,86
231,93,52,50
232,103,38,69
233,79,51,58
234,73,56,9
235,93,29,8
236,78,19,82
237,89,34,82
238,107,7,12
239,100,30,6
240,105,17,80
241,73,94,13
242,100,59,21
243,73,81,66
244,74,8,32
245,70,72,10
246,78,17,96
247,78,13,43
248,106,13,28
249,107,98,100
250,99,44,77
251,87,96,26
252,106,64,73
253,79,32,62
254,72,50,39
255,73,25,42
256,83,77,17
257,108,13,63
258,71,29,46
259,79,76,77
260,75,5,12
261,75,42,100
262,84,2,8
263,99,21,35
264,72,100,4
265,63,28,72
266,70,3,35
267,73,68,74
268,78,12,100
269,60,62,80
270,76,60,91
271,74,39,55
272,65,83,47
273,78,91,62
274,53,63,29
275,72,69,20
276,67,64,19
277,80,22,33
278,62,89,2
279,65,37,93
280,80,93,23
281,54,37,24
282,72,62,65
283,50,19,72
284,62,83,46
285,67,58,83
286,54,60,88
287,79,27,3
288,54,83,78
289,53,83,47
290,63,71,99
291,68,99,96
292,64,13,56
293,57,40,87
294,70,74,29
295,55,92,98
296,50,47,60
297,64,49,10
298,57,90,7
299,52,75,45
300,77,8,6
301,52,85,64
302,57,96,20
303,59,10,55
304,60,89,26
305,60,65,25
306,79,97,56
307,79,49,75
308,77,81,92
309,57,99,0
310,65,7,66
311,50,89,84
312,76,30,73
313,74,35,73
314,80,58,55
315,66,51,2
316,78,62,78
317,71,67,66
318,60,85,88
319,55,38,20
320,77,97,57
321,56,19,39
322,60,21,72
323,68,14,73
324,78,19,72
325,80,75,22
326,74,12,96
327,62,55,67
328,61,34,99
329,56,28,54
330,68,46,66
331,68,79,9
332,68,40,40
333,70,74,98
334,67,66,2
335,69,4,50
336,57,20,68
337,69,58,18
338,65,45,48
339,52,44,3
340,78,98,42
341,78,50,60
342,54,63,34
343,60,39,55
344,61,36,60
345,59,9,7
346,79,71,58
347,79,92,19
348,75,55,52
349,64,72,60
350,65,17,98
351,68,61,42
352,72,65,84
353,79,0,48
354,65,89,33
355,39,54,70
356,34,19,5
357,38,7,13
358,38,71,1
359,30,80,20
360,48,37,47
361,41,30,19
362,32,61,1
363,46,29,79
364,31,70,32
1,22,70,92
2,21,9,45
3,33,68,0
4,21,24,4
5,33,83,92
6,29,15,3
7,32,35,5
8,37,10,31
9,44,29,95
10,40,88,1
11,38,92,86
12,20,36,90
13,42,77,17
14,50,47,23
15,37,23,35
16,29,99,15
17,23,34,67
18,39,24,84
19,25,87,97
20,47,59,88
21,50,96,10
22,30,66,38
23,38,17,25
24,27,23,28
25,50,68,61
26,39,57,77
27,27,20,73
28,44,11,56
29,47,59,34
30,32,26,2
31,29,7,5
32,25,71,72
33,50,29,93
34,36,97,31
35,49,67,41
36,28,87,56
37,20,74,42
38,36,80,94
39,38,67,44
40,49,47,75
41,34,37,82
42,35,15,99
43,20,18,79
44,47,45,68
45,49,3,15
46,35,64,27
47,46,85,36
48,48,37,84
49,39,7,82
50,39,10,42
51,36,52,12
52,48,10,60
53,46,80,31
54,36,87,18
55,39,53,61
56,39,9,94
57,48,77,78
58,28,5,53
59,39,17,81
60,43,23,40
61,45,48,73
62,32,70,56
63,47,57,55
64,48,1,76
65,30,55,72
66,46,8,59
67,50,56,82
68,22,83,14
69,42,2,20
70,23,11,31
71,26,46,15
72,23,93,77
73,44,36,48
74,24,78,21
75,27,53,40
76,22,62,28
77,43,36,91
78,42,28,38
79,36,87,8
80,23,64,76
81,31,14,1
82,20,9,56
83,24,28,73
84,35,41,91
85,31,19,25
86,35,59,87
87,40,56,88
88,41,2,92
89,25,31,11
90,30,25,97
91,23,45,48
92,32,67,11
93,48,20,56
94,63,14,38
95,44,37,51
96,71,80,62
97,79,85,54
98,79,63,46
99,73,91,51
100,64,35,90
101,45,88,39
102,59,64,68
103,69,37,87
104,61,16,22
105,74,33,12
106,75,54,10
107,61,33,47
108,79,34,79
109,60,52,100
110,51,72,83
111,44,51,5
112,65,51,81
113,56,100,96
114,52,4,7
115,57,93,49
116,47,62,44
117,48,58,24
118,47,78,81
119,58,33,50
120,48,61,85
121,55,23,66
122,74,80,68
123,69,48,24
124,55,51,89
125,40,16,8
126,76,9,42
127,71,41,57
128,73,45,27
129,75,31,20
130,53,31,63
131,52,68,92
132,68,22,32
133,57,6,89
134,63,61,58
135,58,50,55
136,77,43,33
137,40,47,99
138,70,45,100
139,75,37,39
140,45,78,26
141,46,94,28
142,60,30,91
143,45,32,27
144,64,9,60
145,74,100,94
146,48,43,74
147,67,82,46
148,56,25,70
149,76,57,80
150,78,87,28
151,64,83,40
152,59,10,71
153,56,4,8
154,67,75,80
155,61,43,65
156,60,38,61
157,40,50,96
158,74,45,49
159,42,15,34
160,51,20,40
161,44,64,50
162,56,41,23
163,70,5,11
164,40,58,91
165,46,43,42
166,44,13,6
167,46,62,61
168,67,98,87
169,66,96,26
170,67,43,56
171,102,68,98
172,84,46,36
173,72,8,0
174,70,27,28
175,76,18,3
176,82,86,85
177,83,88,29
178,106,80,47
179,90,22,30
180,88,65,39
181,71,85,12
182,85,8,33
183,87,19,87
184,93,46,49
185,91,28,67
186,110,31,75
187,77,81,22
188,93,7,51
189,104,96,92
190,95,0,46
191,104,87,46
192,78,40,55
193,85,59,21
194,82,31,67
195,101,56,89
196,109,77,38
197,100,45,75
198,91,97,67
199,109,20,80
200,106,3,24
201,109,7,82
202,96,61,8
203,87,6,70
204,78,56,19
205,98,67,58
206,86,21,8
207,109,98,33
208,88,19,60
209,76,1,69
210,92,2,99
211,107,38,84
212,94,94,68
213,95,51,3
214,102,6,26
215,74,85,73
216,72,32,8
217,108,76,94
218,78,83,72
219,90,16,19
220,84,75,92
221,76,9,30
222,97,23,40
223,74,40,50
224,76,23,28
225,80,25,30
226,108,38,73
227,71,69,60
228,100,49,80
229,102,37,71
230,110,21,84
231,96,34,87
232,94,51,22
233,102,1,82
234,90,47,79
235,110,70,8
236,99,91,14
237,107,54,99
238,73,21,95
239,92,69,21
240,75,94,20
241,96,93,81
242,108,38,99
243,104,40,39
244,110,78,55
245,83,30,67
246,74,54,14
247,98,23,62
248,81,37,4
249,71,59,52
250,82,11,5
251,70,18,12
252,81,83,35
253,84,66,43
254,93,1,57
255,76,27,54
256,82,60,57
257,109,27,39
258,93,82,19
259,92,56,3
260,104,66,63
261,85,45,82
262,79,14,27
263,73,25,59
264,52,0,94
265,79,68,64
266,54,13,22
267,68,0,49
268,80,50,29
269,74,90,16
270,75,8,93
271,63,95,86
272,80,27,5
273,62,43,7
274,78,8,37
275,80,26,64
276,52,11,51
277,61,36,2
278,59,7,67
279,60,54,3
280,74,12,4
281,72,43,15
282,70,33,31
283,54,44,82
284,80,19,45
285,77,76,0
286,60,32,86
287,68,72,50
288,54,73,28
289,79,23,88
290,79,80,15
291,52,81,94
292,68,81,2
293,50,100,69
294,65,20,37
295,78,61,86
296,77,31,27
297,73,53,46
298,71,60,18
299,78,8,88
300,58,48,65
301,61,54,56
302,77,13,96
303,76,38,36
304,64,26,34
305,68,69,44
306,69,27,52
307,72,73,28
308,52,19,20
309,73,22,84
310,57,97,36
311,76,0,84
312,79,79,55
313,78,18,72
314,77,94,27
315,69,82,14
316,61,86,15
317,64,35,64
318,63,86,65
319,69,46,47
320,63,91,85
321,60,65,71
322,69,85,94
323,62,65,43
324,69,50,56
325,54,96,45
326,58,22,79
327,63,36,94
328,55,93,20
329,74,31,53
330,56,8,93
331,57,76,93
332,53,52,91
333,70,65,40
334,62,40,32
335,67,79,6
336,70,74,65
337,60,81,57
338,70,71,36
339,76,45,9
340,69,60,57
341,61,43,3
342,50,85,78
343,80,34,3
344,74,50,73
345,65,12,21
346,78,29,40
347,64,19,20
348,74,66,95
349,79,6,47
350,57,43,56
351,64,100,70
352,59,96,8
353,54,53,43
354,80,8,40
355,22,39,88
356,32,67,8
357,28,93,3
358,49,32,20
359,25,90,72
360,38,6,92
361,47,7,18
362,22,0,96
363,43,56,39
364,49,5,9
1,41,70,96
2,25,32,97
3,45,92,53
4,42,90,84
5,44,73,54
6,20,71,98
7,43,27,20
8,50,47,50
9,32,39,46
10,31,52,93
11,43,25,58
12,34,4,66
13,49,85,93
14,38,54,40
15,21,80,9
16,41,45,13
17,23,25,15
18,29,63,20
19,31,15,72
20,48,65,64
21,21,23,98
22,27,98,2
23,27,46,97
24,46,75,100
25,28,84,16
26,37,63,60
27,49,35,33
28,31,30,22
29,36,47,98
30,36,6,41
31,50,13,50
32,21,36,35
33,41,26,45
34,32,6,63
35,32,14,22
36,49,84,35
37,43,23,81
38,44,23,69
39,41,100,88
40,38,96,24
41,41,40,78
42,35,66,0
43,32,70,73
44,20,31,18
45,23,100,59
46,31,21,62
47,47,63,66
48,43,37,86
49,37,39,88
50,49,25,27
51,21,58,30
52,35,50,50
53,44,9,72
54,37,20,91
55,44,39,1
56,50,18,59
57,24,21,74
58,23,90,10
59,39,29,56
60,37,99,50
61,30,65,24
62,26,96,9
63,22,25,73
64,31,71,48
65,23,53,46
66,48,48,31
67,27,77,28
68,49,91,58
69,44,31,9
70,33,96,71
71,42,76,77
72,47,67,9
73,40,5,45
74,40,51,86
75,31,19,17
76,26,32,6
77,34,40,63
78,27,45,97
79,24,41,62
80,50,91,93
81,50,37,69
82,21,59,42
83,21,51,69
84,26,98,47
85,26,14,86
86,40,53,92
87,49,27,12
88,33,85,21
89,36,16,89
90,29,54,10
91,35,75,19
92,42,17,59
93,62,90,2
94,42,47,28
95,46,61,16
96,55,4,15
97,62,92,65
98,50,11,46
99,46,33,20
100,69,33,53
101,70,92,89
102,43,8,32
103,69,80,31
104,68,3,82
105,56,84,32
106,52,72,54
107,56,23,4
108,55,90,29
109,43,52,8
110,47,48,62
111,64,0,82
112,63,39,32
113,70,14,89
114,65,63,21
115,76,94,24
116,65,92,64
117,44,75,0
118,60,45,26
119,54,24,95
120,66,96,92
121,52,74,36
122,61,3,95
123,53,29,99
124,66,30,64
125,53,75,37
126,61,53,93
127,74,42,53
128,56,81,32
129,64,54,30
130,49,52,49
131,65,16,98
132,60,48,83
133,71,13,55
134,58,30,21
135,42,30,2
136,71,58,26
137,56,16,70
138,67,74,86
139,69,9,55
140,73,55,64
141,45,94,74
142,62,23,84
143,57,94,37
144,74,39,89
145,42,79,10
146,52,100,11
147,40,56,2
148,58,50,34
149,58,22,32
150,45,25,52
151,51,77,78
152,64,37,81
153,75,84,87
154,78,68,83
155,70,35,35
156,71,31,9
157,41,32,2
158,70,84,36
159,48,45,11
160,56,47,74
161,60,20,0
162,69,48,92
163,40,55,47
164,51,5,69
165,49,29,12
166,73,67,97
167,46,27,32
168,80,33,24
169,80,66,68
170,52,17,24
171,70,22,22
172,107,13,43
173,81,57,24
174,76,95,56
175,72,2,96
176,109,67,63
177,82,14,11
178,84,54,89
179,80,24,71
180,101,22,90
181,94,88,64
182,105,66,74
183,83,11,81
184,105,21,17
185,88,67,77
186,98,30,58
187,80,64,77
188,102,53,80
189,101,94,53
190,92,13,84
191,92,100,64
192,103,95,92
193,87,8,18
194,106,63,91
195,96,58,51
196,103,8,97
197,88,11,62
198,93,68,16
199,103,5,44
200,98,87,67
201,102,32,98
202,74,20,95
203,82,61,21
204,77,94,82
205,84,83,98
206,104,16,25
207,100,28,64
208,96,89,18
209,77,92,42
210,106,76,53
211,81,22,64
212,100,58,33
213,95,63,14
214,80,14,43
215,110,68,83
216,107,26,95
217,102,37,13
218,86,43,49
219,91,91,90
220,89,96,8
221,99,53,74
222,86,59,61
223,76,72,54
224,94,33,50
225,107,45,66
226,105,28,4
227,106,27,30
228,93,50,74
229,103,58,83
230,108,90,14
231,109,87,56
232,101,26,44
233,94,74,29
234,95,52,31
235,106,50,97
236,95,29,1
237,73,65,41
238,106,47,66
239,108,10,24
240,100,19,57
241,96,29,48
242,76,91,24
243,78,67,55
244,87,62,77
245,107,52,95
246,85,43,37
247,99,19,90
248,92,88,90
249,95,68,25
250,92,68,53
251,70,34,76
252,70,87,55
253,97,76,1
254,110,56,30
255,76,88,87
256,73,91,40
257,97,10,98
258,88,49,56
259,81,34,84
260,105,27,4
261,98,26,7
262,104,94,28
263,106,49,11
264,78,71,39
265,51,50,25
266,67,29,87
267,57,54,42
268,54,10,14
269,75,54,89
270,76,43,66
271,57,63,80
272,58,56,14
273,72,6,46
274,63,72,7
275,67,64,34
276,55,33,91
277,52,89,65
278,66,57,86
279,73,13,97
280,63,35,39
281,66,59,43
282,72,64,13
283,65,0,60
284,63,38,57
285,80,68,73
286,73,95,99
287,61,53,84
288,52,61,26
289,57,27,89
290,58,73,78
291,66,42,90
292,64,23,4
293,52,44,29
294,79,45,55
295,51,66,19
296,76,90,56
297,72,82,27
298,79,51,14
299,58,61,86
300,72,3,47
301,56,13,92
302,64,56,18
303,57,37,9
304,75,5,39
305,76,35,85
306,66,66,13
307,77,35,27
308,66,22,3
309,60,2,19
310,54,48,62
311,77,29,26
312,76,28,90
313,51,76,16
314,56,82,79
315,51,83,71
316,57,44,90
317,61,94,44
318,50,41,41
319,59,53,16
320,55,45,0
321,75,7,44
322,65,78,64
323,70,8,59
324,79,85,99
325,71,50,59
326,54,6,91
327,60,58,92
328,76,0,55
329,72,87,53
330,71,63,70
331,56,83,6
332,59,81,16
333,68,68,5
334,54,65,48
335,51,22,65
336,61,89,78
337,55,71,61
338,80,15,46
339,58,83,19
340,50,65,100
341,79,37,55
342,71,66,91
343,80,58,75
344,80,10,96
345,78,52,10
346,66,72,60
347,67,100,41
348,79,97,91
349,79,0,55
350,80,79,1
351,77,1,10
352,59,38,94
353,80,96,93
354,75,68,38
355,27,59,43
356,23,5,74
357,35,94,82
358,29,91,18
359,42,12,58
360,23,22,64
361,31,5,90
362,23,89,57
363,34,22,92
364,25,60,64
1,31,30,54
2,37,11,33
3,41,30,16
4,25,70,42
5,31,98,8
6,29,83,20
7,25,78,91
8,36,27,7
9,39,21,67
10,35,72,7
11,47,75,28
12,37,55,100
13,21,82,87
14,36,67,29
15,46,47,83
16,49,66,20
17,28,38,52
18,47,30,71
19,39,87,35
20,44,88,28
21,23,91,57
22,24,61,14
23,25,45,40
24,35,51,18
25,36,54,23
26,22,1,72
27,34,24,87
28,25,12,65
29,46,8,82
30,33,65,87
31,24,59,80
32,34,28,41
33,37,89,43
34,48,55,69
35,46,77,24
36,50,70,81
37,31,96,44
38,33,83,57
39,35,93,72
40,34,62,67
41,50,27,5
42,39,39,77
43,27,62,40
44,48,26,80
45,20,43,48
46,24,16,41
47,45,92,63
48,30,45,50
49,50,58,82
50,24,65,29
51,50,12,14
52,49,50,74
53,50,61,96
54,37,92,50
55,46,20,5
56,21,4,90
57,47,37,65
58,30,79,92
59,40,76,100
60,34,36,24
61,46,46,62
62,43,31,29
63,39,39,96
64,47,37,22
65,28,46,75
66,33,16,18
67,30,38,42
68,43,55,57
69,36,37,96
70,33,31,77
71,27,81,0
72,35,0,59
73,37,2,50
74,42,82,50
75,48,88,5
76,41,49,47
77,35,69,43
78,26,15,24
79,27,46,58
80,33,61,24
81,37,15,82
82,39,47,37
83,40,67,20
84,33,68,6
85,26,10,43
86,44,87,21
87,22,76,24
88,32,31,21
89,47,59,19
90,24,58,17
91,32,8,15
92,30,91,76
93,75,1,4
94,46,65,17
95,47,67,61
96,74,27,39
97,54,37,10
98,79,67,93
99,51,90,44
100,77,13,60
101,57,58,52
102,75,52,58
103,50,86,2
104,40,29,76
105,63,65,21
106,42,55,73
107,48,86,7
108,60,87,0
109,68,71,29
110,72,67,63
111,53,74,89
112,80,32,89
113,56,60,72
114,45,0,89
115,48,41,84
116,79,99,80
117,40,88,30
118,80,31,70
119,80,96,13
120,42,46,8
121,74,100,3
122,79,77,75
123,69,25,88
124,75,94,34
125,47,63,26
126,56,3,65
127,51,4,60
128,62,96,23
129,45,26,4
130,56,33,77
131,56,63,54
132,52,97,28
133,75,96,80
134,68,34,43
135,73,28,46
136,75,47,90
137,79,9,2
138,53,61,36
139,43,14,65
140,62,36,86
141,50,6,8
142,42,72,98
143,63,44,74
144,70,28,68
145,75,57,9
146,45,31,37
147,63,3,71
148,69,45,33
149,54,46,63
150,58,11,39
151,79,34,43
152,63,65,28
153,68,29,26
154,79,7,35
155,46,18,65
156,67,13,38
157,60,16,45
158,80,91,25
159,70,36,59
160,52,17,35
161,42,24,40
162,57,56,67
163,76,49,87
164,58,39,15
165,44,100,48
166,57,72,52
167,60,25,14
168,58,52,11
169,80,72,99
170,48,4,3
171,87,5,90
172,89,15,13
173,98,65,58
174,97,18,92
175,101,30,4
176,77,15,64
177,70,41,58
178,101,14,95
179,96,13,41
180,108,93,55
181,97,19,20
182,101,75,95
183,86,14,43
184,89,44,18
185,100,16,53
186,106,91,20
187,85,13,3
188,92,83,94
189,80,50,94
190,84,96,100
191,74,57,83
192,85,19,67
193,90,64,60
194,75,59,86
195,110,43,25
196,90,35,63
197,109,33,30
198,81,50,60
199,106,84,78
200,89,36,61
201,77,3,58
202,71,30,6
203,73,95,59
204,94,22,41
205,95,61,65
206,109,90,41
207,89,38,93
208,109,39,1
209,96,24,6
210,89,65,70
211,110,25,47
212,101,48,40
213,108,15,26
214,102,10,83
215,80,52,71
216,77,84,30
217,106,8,33
218,78,25,8
219,102,77,23
220,93,12,8
221,110,57,18
222,95,80,88
223,91,67,27
224,85,15,69
225,97,95,83
226,109,7,33
227,70,52,47
228,106,11,15
229,91,74,22
230,107,84,9
231,83,11,19
232,105,43,69
233,81,96,89
234,110,52,98
235,91,12,75
236,99,2,65
237,81,99,90
238,93,23,82
239,84,42,24
240,98,78,78
241,80,37,97
242,97,37,85
243,101,75,87
244,76,24,51
245,90,48,100
246,93,14,93
247,72,11,11
248,82,28,93
249,86,72,46
250,88,88,63
251,82,65,63
252,97,76,57
253,96,3,48
254,81,20,31
255,86,80,92
256,89,63,28
257,77,43,92
258,96,7,59
259,108,39,83
260,72,80,58
261,95,47,30
262,92,63,87
263,78,16,50
264,69,27,90
265,75,87,37
266,79,12,59
267,76,93,83
268,57,37,98
269,78,13,54
270,71,42,17
271,69,90,45
272,62,17,75
273,54,56,60
274,80,94,50
275,62,60,48
276,79,15,14
277,73,92,67
278,75,66,43
279,52,59,42
280,58,76,93
281,72,73,58
282,73,71,27
283,74,11,91
284,71,67,8
285,71,16,68
286,51,89,37
287,66,59,24
288,66,18,38
289,66,73,55
290,55,100,31
291,56,15,95
292,56,92,40
293,61,24,95
294,78,82,60
295,67,37,82
296,77,99,54
297,79,28,24
298,53,41,31
299,53,68,65
300,73,5,48
301,51,85,34
302,78,14,14
303,53,12,79
304,80,38,15
305,68,16,60
306,77,25,67
307,62,95,74
308,65,54,8
309,70,49,72
310,54,73,2
311,77,23,49
312,59,63,75
313,76,55,35
314,55,14,88
315,80,34,95
316,62,93,82
317,64,93,68
318,53,100,93
319,74,51,92
320,62,90,53
321,79,15,79
322,55,1,35
323,65,84,13
324,65,49,85
325,68,79,79
326,67,26,98
327,65,17,85
328,57,15,67
329,69,5,76
330,68,99,63
331,65,87,85
332,66,40,15
333,78,59,78
334,53,21,64
335,63,93,72
336,54,98,59
337,65,65,99
338,69,4,49
339,57,74,7
340,74,21,100
341,54,0,2
342,69,83,67
343,60,41,98
344,76,36,27
345,59,67,75
346,53,91,10
347,67,56,93
348,55,23,38
349,63,61,35
350,75,85,57
351,56,62,4
352,80,53,75
353,78,29,38
354,73,88,100
355,39,56,74
356,34,53,85
357,50,31,55
358,45,18,8
359,43,14,80
360,26,11,13
361,40,20,77
362,29,4,7
363,26,22,23
364,25,50,19